{

  "generalTheme": {
    "backColor": "#ffffff",
    "fontColor": "#14213D",
    "fontName": "Calibri",
    "fontSize": "9",
    "fontBold": "True",
    "saveButtonbackColor": "#14213D",
    "saveButtonFontColor": "#ffffff",
    "gridSelectionColor": "#C1C1C1",
    "gridFontName": "Calibri",
    "gridFontSize": "9",
    "gridFontBold": "True",
    "showTakeAway": "True",
    "showParcel": "False",
    "showDineIn": "True",
    "showDelivery": "True"

  },
  "buttonsTheme": {
    "backColor": "#E5E5E5",
    "fontColor": "#14213D",
    "selectedFontColor": "#14213D",
    "selectedBackColor": "#E5E5E5",

    "fontName": "Calibri",
    "fontSize": "9",
    "fontBold": "True"

  },
  "rightButtonsTheme": {
    "backColor": "#E5E5E5",
    "fontColor": "#14213D",
    "selectedFontColor": "#E5E5E5",
    "selectedBackColor": "#14213D",

    "fontName": "Calibri",
    "fontSize": "9",
    "fontBold": "True"

  },
  "bottomButtonsTheme": {
    "backColor": "#14213D",
    "fontColor": "#ffffff",
    "selectedFontColor": "#E5E5E5",
    "selectedBackColor": "#14213D",

    "fontName": "Calibri",
    "fontSize": "9",
    "fontBold": "True"

  },
  "topButtonsTheme": {
    "backColor": "#E5E5E5",
    "fontColor": "#14213D",
    "selectedFontColor": "#14213D",
    "selectedBackColor": "#E5E5A0",

    "fontName": "Calibri",
    "fontSize": "9",
    "fontBold": "True"

  },
  "tableListTheme": {
    "backColor": "#E5E5E5",
    "fontColor": "#14213D",
    "selectedFontColor": "#E5E5E5",
    "selectedBackColor": "#14213D",

    "fontName": "Calibri",
    "fontSize": "9",
    "fontBold": "True"

  },
  "groupCategogyTheme": {
    "backColor": "#EB0028",
    "fontColor": "#ffffff",
    "fontColorImg": "#ffffff",
    "selectedFontColor": "#14213D",
    "fontName": "Calibri",
    "height": "45",
    "fontSize": "9",
    "fontBold": "True",
    "nosPerRow": "5"
  },
  "groupTheme": {
    "backColor": "#14213D",
    "fontColor": "#ffffff",
    "fontColorImg": "#ffffff",
    "selectedFontColor": "#14213D",
    "fontName": "Calibri",
    "height": "50",
    "fontSize": "9",
    "fontBold": "True",
    "nosPerRow": "5"
  },
  "productTheme": {
    "backColor": "#ffffff",
    "fontColor": "#14213D",
    "fontColorImg": "#14213D",
    "selectedFontColor": "#ffffff",
    "fontName": "Calibri",
    "height": "45",
    "fontSize": "9",
    "fontBold": "True",
    "nosPerRow": "5"
  }

}
